,SPY,IEFA,EEM,IEI,IEF,TLT,LQD,HYG,GLD,DBC
2020-01-10,0.07666181831830908,0.07698872453688269,0.07409669934933277,0.1584146953826968,0.10089704080218986,0.07510492954612494,0.09282264869383576,0.11265781890464421,0.08011129596406019,0.07618343868098548
2020-01-17,0.058376509652814663,0.0590594215637827,0.053271280428990375,0.22158764217531116,0.1067951656317086,0.05527466066337715,0.09033483563265426,0.13051947447418955,0.06517656981765568,0.05740900452193447
2020-01-24,0.06036585464352441,0.04813054431967212,0.04053897350365363,0.18568623880223084,0.08997544116378839,0.04494959982370323,0.10261253039805635,0.16639483811485398,0.10726657603346058,0.07846922205923154
2020-01-31,0.06228223599475214,0.037602507886434496,0.028273652172375558,0.15110159901960055,0.07377261739333137,0.035003233489132195,0.11443991347859937,0.20095439323000538,0.14781283792454225,0.09875700941122664
2020-02-07,0.06226202027305176,0.03759030277172519,0.028264475040651868,0.15118998107537787,0.07381576833036792,0.03502370751293281,0.11450685145200204,0.20088916695764825,0.14789929632452536,0.09855843026171686
2020-02-14,0.0613610617292081,0.037046354722829085,0.027855475779730788,0.15141847640250228,0.07392732703294498,0.035076639284259976,0.11467990710221314,0.204077877022596,0.14812281839824137,0.09643406252547414
2020-02-21,0.06130081481759903,0.0370099810292272,0.027828126083688436,0.15167541005433213,0.07405277023218966,0.03513615889665734,0.11487450110436856,0.20387750464519802,0.14837415982997854,0.09587057330676095
2020-02-28,0.06130081481759904,0.03700998102922721,0.02782812608368844,0.15167541005433344,0.07405277023218894,0.035136158896657006,0.11487450110436753,0.20387750464519805,0.14837415982997929,0.09587057330676096
2020-03-06,0.0477641943002728,0.03236272440206571,0.022286950798891016,0.21910301557096404,0.08878476413094455,0.028277331330389715,0.10664602473992801,0.18994854690197824,0.10958942636566404,0.06955622028967418
2020-03-13,0.058968772071113014,0.03673719286290377,0.027623014292882823,0.15469584540881312,0.07552744305639,0.03583585370225631,0.11716209013636565,0.20009516682043732,0.15132885471348692,0.09202576693535093
2020-03-20,0.05568803999131756,0.036699332674149945,0.028419835476003394,0.1637323105377571,0.07993933339290026,0.03792918362647396,0.11791331634969855,0.17646749978620432,0.1583242319788243,0.09488691618667044
2020-03-27,0.04311408218276803,0.028080764845740368,0.021430819625869853,0.2184151507100661,0.11027707629191058,0.03729419591158166,0.1197606924964449,0.15136313502343332,0.12074642111929246,0.07325358022902384
2020-04-03,0.04311408218276803,0.028080764845740368,0.021430819625869853,0.2184151507100661,0.11027707629191058,0.03729419591158166,0.1197606924964449,0.15136313502343332,0.12074642111929246,0.07325358022902384
2020-04-10,0.02850391608750541,0.021985852832391746,0.017225689044457336,0.2705298826202289,0.11114756734174655,0.02853598907296464,0.09791221066990974,0.10217194223847101,0.09690858798872182,0.05478472645973152
2020-04-17,0.03520462999150021,0.027478441445484423,0.023142247222512922,0.24129046367117796,0.11457304801340504,0.050624859791758445,0.18338604160480704,0.08227013738649641,0.10053939355164473,0.0729146540752904
2020-04-24,0.035534849557633974,0.027841362485221587,0.023954149155281025,0.239225629598775,0.11679757830213375,0.05541748481658677,0.2017576843509434,0.07514587037917589,0.10260715472834425,0.07171823662590435
2020-05-01,0.027402575809778555,0.02291159576825267,0.017460832549246512,0.28109258892694267,0.12411061633432732,0.040152892554358055,0.13897504640593572,0.06842924990997905,0.07821004117838173,0.049614555283520184
2020-05-08,0.019201314166928586,0.017908770191430064,0.010955876059720749,0.3227659241654968,0.13141370883426837,0.02490617467943569,0.07642580789552678,0.06112738187024485,0.054031518908995255,0.027576373425665716
2020-05-15,0.01380409540738635,0.014607865230450077,0.006703247364229844,0.35,0.13630500229145107,0.01485426992958755,0.03537969640352971,0.05611374065028127,0.038051825194925754,0.012994748772058856
2020-05-22,0.021927899490624916,0.019396500644249595,0.013342852993877843,0.3100907814194062,0.13071869026953606,0.0322295388502211,0.1061544924991979,0.058060727802905145,0.06598238499510337,0.029919561073760793
2020-05-29,0.013666610962961505,0.014356346796987305,0.006678148234821756,0.34958685569842085,0.1365368489947609,0.014982164295813977,0.03586359826861503,0.05534719014207764,0.038371314670689556,0.013062817982213343
2020-06-05,0.021821867730292623,0.019220327392981393,0.013316740551178662,0.309976429023991,0.13098849406322172,0.0324650388492698,0.10705911265677166,0.05738169701877992,0.06644720909699317,0.029457416451943823
2020-06-12,0.013531633413471888,0.014088920435286189,0.006596416979548349,0.3492864870414316,0.13591776335612576,0.014995235995881543,0.03629422005724027,0.054505131444733415,0.03840683296765611,0.012990345764737975
2020-06-19,0.009119266473651567,0.016403041800305135,0.01227823988323175,0.35,0.19686572223539683,0.037309504018836835,0.08915911576157946,0.037257756159488106,0.030671485847167137,0.02423399314928479
2020-06-26,0.009059990853230913,0.016380462972447683,0.012245834683950123,0.35,0.19686753685869787,0.037174526140556906,0.0886644378370898,0.03702879004874329,0.0307488931546429,0.024301333499006976
2020-07-03,0.01271975742371695,0.014112292142254028,0.006322367596744327,0.35,0.1360674434047908,0.014521280250399685,0.034342378717338966,0.05218590274789146,0.03895589627648186,0.01225580141901049
2020-07-10,0.012745942105734775,0.014192148528522332,0.006330651932950255,0.35,0.13627232344320842,0.014560806797151896,0.03417250489640936,0.052615991162247966,0.03881820347058469,0.012219274661321385
2020-07-17,0.01271150471299911,0.014194556808003453,0.006292450937091716,0.35,0.13624452020801123,0.014534123492229779,0.03418056198108447,0.05270897287827236,0.03892797803116315,0.01243064004084912
2020-07-24,0.01858697121460671,0.017444067589388903,0.011739870138084823,0.30790952782765585,0.14043303244191985,0.044783826450381814,0.09404330634258241,0.05080852027886865,0.0721228692448332,0.02637146801788655
2020-07-31,0.024462437716214338,0.02069357837077435,0.01718728933907797,0.2658190556553127,0.14462154467582827,0.07503352940853428,0.1539060507040807,0.048908067679464824,0.1053177604585033,0.04031229599492408
2020-08-07,0.03249124863358472,0.025333454013706524,0.022181291010609283,0.25835283189058533,0.1266321728545022,0.060139884706297296,0.20857046100739443,0.057948118947153286,0.10686296638421773,0.051487570551949045
2020-08-14,0.032069043046655886,0.025004259960827443,0.021893057551329625,0.265505108010242,0.1298842666383671,0.061612536327837815,0.19925716316093306,0.057195115581618876,0.10676093132608483,0.05081851839610312
2020-08-21,0.03189795354595823,0.024870861332568148,0.021776257300079458,0.26778730837869213,0.1315222303770833,0.06134570148364171,0.19752790582123603,0.05688997757818774,0.10583440441402907,0.05054739976852406
2020-08-28,0.02728107120545387,0.022252463934933717,0.019800575992255955,0.24562702249328014,0.14663089675865543,0.08954519852860636,0.1826239637359959,0.04799636486575197,0.1212423227074601,0.04700011977760644
2020-09-04,0.027281071205453845,0.022252463934933703,0.019800575992255966,0.2456270224932797,0.14663089675865493,0.08954519852860623,0.1826239637359967,0.04799636486575193,0.12124232270746052,0.04700011977760642
2020-09-11,0.027281071205453845,0.022252463934933703,0.019800575992255966,0.2456270224932797,0.14663089675865493,0.08954519852860623,0.1826239637359967,0.04799636486575193,0.12124232270746052,0.04700011977760642
2020-09-18,0.05015791362580763,0.040912512401150625,0.0364045668471504,0.2265838103259047,0.13589888147585183,0.08110629891574017,0.14549058789920355,0.0882442447057527,0.09658982560729781,0.04861135819614048
2020-09-25,0.032420886596562365,0.025402761713711627,0.022282072480664834,0.2601141313945242,0.13023990342516475,0.06463959597158979,0.19734716586411868,0.05773919778376005,0.11056271364682574,0.04925157112307793
2020-10-02,0.055347201936941516,0.04440482778726634,0.03928351480535637,0.23906622606087544,0.12465824378654594,0.06128309912131927,0.15171023240940718,0.09787142555349956,0.08618570892407536,0.050189519614713025
2020-10-09,0.07829532099783751,0.06342802305881788,0.05630479059380812,0.21999680031558072,0.12011533305658323,0.057194280856410346,0.1046606154028614,0.1380397660454415,0.06093648067078748,0.0510285890018718
2020-10-16,0.05732602494216082,0.0464872130388754,0.041196701405125394,0.2566316382313101,0.11183275718545808,0.042710328374882395,0.08127670784511927,0.10254243833547921,0.045684455793648,0.037581410679400074
2020-10-23,0.08581288378119076,0.06986792225426745,0.062090712238595566,0.22523281923270022,0.11226264719811134,0.04624604262963802,0.05765383060973883,0.15176302377961598,0.034401470255411626,0.045328960307735616
2020-10-30,0.1108798886214614,0.09044185633609877,0.0804765195665491,0.19868722362002286,0.11200656037767764,0.04908126605996718,0.03678692864505464,0.1950741431841464,0.024422494085429385,0.052143119503592635
2020-11-06,0.11087988862146146,0.09044185633609886,0.08047651956654901,0.19868722362002172,0.11200656037767891,0.04908126605996717,0.03678692864505449,0.1950741431841465,0.02442249408542929,0.05214311950359248
2020-11-13,0.11087988862146146,0.09044185633609886,0.08047651956654901,0.19868722362002172,0.11200656037767891,0.04908126605996717,0.03678692864505449,0.1950741431841465,0.02442249408542929,0.05214311950359248
2020-11-20,0.08102286714439111,0.06621034034782365,0.0602524909460465,0.24015388823616435,0.11330358463694377,0.04074270077163448,0.0463934880145247,0.14724449438796042,0.019464733017997247,0.039951908986269116
2020-11-27,0.05252057835550672,0.04411589059239344,0.03832409748990201,0.28376817917836816,0.12017053873504746,0.02982571153398738,0.039134115467373,0.10526790548427369,0.024688798036017007,0.02833530173354096
2020-12-04,0.024410869581472736,0.022258989748350756,0.01719574521344791,0.3260173095855585,0.12649796664204993,0.01898719774942849,0.030226788560299783,0.06005037998031685,0.02886682466641463,0.01714821476825111
2020-12-11,0.008565676005089602,0.00988209989923641,0.005223682996802471,0.35,0.12944225765745312,0.012733603586211648,0.025029286410375853,0.03455455689285413,0.031047315455753757,0.010911642830543529
2020-12-18,0.008555907156296852,0.009882680002023983,0.005213537199714643,0.35,0.1290862592678474,0.012649739317582833,0.024896296148704634,0.034409591405933415,0.030670868973936845,0.010887008980313593
2020-12-25,0.008591835731205184,0.009882247199847864,0.0052119523358182766,0.35,0.12891714721896905,0.012634633561549626,0.024807714851172682,0.03449778812066319,0.03048191681872558,0.010970217767477376
2021-01-01,0.008804781453707852,0.009913900182341442,0.005196571181769645,0.35,0.12854226534437,0.012571957362610835,0.024663133878709474,0.03472657731762544,0.030441818335799883,0.010991731706232521
2021-01-08,0.008737289526552167,0.009831721738667499,0.00514603689639492,0.35,0.12827885278449863,0.012500160479703834,0.024510481337629897,0.03445181247291,0.030210666411951706,0.010917608046939978
2021-01-15,0.00863512481892025,0.009686103383435646,0.005036497906654381,0.35,0.1261763354726264,0.012082179885488539,0.02373631839705217,0.0340954171010412,0.028589166409317506,0.010648569473323249
2021-01-22,0.00863512481892025,0.009686103383435646,0.005036497906654381,0.35,0.1261763354726264,0.012082179885488539,0.02373631839705217,0.0340954171010412,0.028589166409317506,0.010648569473323249
2021-01-29,0.00863512481892025,0.009686103383435646,0.005036497906654381,0.35,0.1261763354726264,0.012082179885488539,0.02373631839705217,0.0340954171010412,0.028589166409317506,0.010648569473323249
2021-02-05,0.00863512481892025,0.009686103383435646,0.005036497906654381,0.35,0.1261763354726264,0.012082179885488539,0.02373631839705217,0.0340954171010412,0.028589166409317506,0.010648569473323249
2021-02-12,0.009042271000005507,0.010243669203274021,0.004835318197185681,0.35,0.12876141455538703,0.012903261675481848,0.02742120968999835,0.04067018810774047,0.029985926172451122,0.010191072397492496
2021-02-19,0.008441490349390424,0.009410350603114494,0.004882255719994486,0.35,0.12441210948846038,0.011726215990754319,0.02316588509164456,0.03367889225793443,0.02756885309997752,0.010272578642299308
2021-02-26,0.008490223120106236,0.0094717156777268,0.004901994334021285,0.35,0.1239748719321093,0.011650115147654334,0.023080431042255132,0.03385540355069081,0.027623180536963117,0.01035140573931826
2021-03-05,0.008490223120106236,0.0094717156777268,0.004901994334021285,0.35,0.1239748719321093,0.011650115147654334,0.023080431042255132,0.03385540355069081,0.027623180536963117,0.01035140573931826
2021-03-12,0.008490223120106236,0.0094717156777268,0.004901994334021285,0.35,0.1239748719321093,0.011650115147654334,0.023080431042255132,0.03385540355069081,0.027623180536963117,0.01035140573931826
2021-03-19,0.006593776624591918,0.007007057005212447,0.011439115747594847,0.35,0.08823283314559577,0.010855245060861208,0.09821224010268764,0.09274738793685322,0.017648857053548364,0.01891815335439969
2021-03-26,0.006593776624591918,0.007007057005212447,0.011439115747594847,0.35,0.08823283314559577,0.010855245060861208,0.09821224010268764,0.09274738793685322,0.017648857053548364,0.01891815335439969
2021-04-02,0.00752906865998732,0.0078110747067541494,0.011740509461531797,0.35,0.08151569627776241,0.010482781456012518,0.10850886148165895,0.11849044369826678,0.02003654467860981,0.016223355692171856
2021-04-09,0.00752906865998732,0.0078110747067541494,0.011740509461531797,0.35,0.08151569627776241,0.010482781456012518,0.10850886148165895,0.11849044369826678,0.02003654467860981,0.016223355692171856
2021-04-16,0.00752906865998732,0.0078110747067541494,0.011740509461531797,0.35,0.08151569627776241,0.010482781456012518,0.10850886148165895,0.11849044369826678,0.02003654467860981,0.016223355692171856
2021-04-23,0.02186021297426543,0.028490993633072774,0.023449422031643297,0.29791796551259203,0.07226072942595194,0.01145219893685735,0.09516050065268186,0.12993325151074303,0.03130902581246539,0.07113331128609146
2021-04-30,0.03468167917061189,0.04703615324490469,0.0338448725701946,0.24563608441792792,0.06265016216217512,0.012143739324677863,0.08144936658825126,0.1415749102623059,0.04103781367919516,0.13170566551037716
2021-05-07,0.025340403814294362,0.03362081800372963,0.02348226376045147,0.28302743656452317,0.08380005766081541,0.011846245917674763,0.0603659047322714,0.10324197523803219,0.03616936865915536,0.08794846787014488
2021-05-14,0.016286579563173215,0.020369867872933545,0.012895491116131709,0.3217405425355833,0.10856115519782066,0.012262949477504647,0.04110148766795819,0.06804538117700748,0.03253449620563063,0.042826805543139765
2021-05-21,0.008579664558011221,0.009550864466696752,0.004949986194165743,0.35,0.12112875705098586,0.011188467585597798,0.022367703257943444,0.034547099410210454,0.027026097487207343,0.009464184996909483
2021-05-28,0.009630117633026382,0.010638423759069603,0.005181296375522731,0.35,0.12649506475976036,0.012540095329792935,0.026944865848222338,0.04235302421570808,0.029888838963251223,0.009778016181291765
2021-06-04,0.009630117633026382,0.010638423759069603,0.005181296375522731,0.35,0.12649506475976036,0.012540095329792935,0.026944865848222338,0.04235302421570808,0.029888838963251223,0.009778016181291765
2021-06-11,0.008466952718704807,0.009391214105044678,0.004849110288231384,0.35,0.1196373092995131,0.010965467072400962,0.021771563955861457,0.034026077950812354,0.026445359551189172,0.009360093491532634
2021-06-18,0.008420169780814363,0.009353105125278555,0.004830152440222022,0.35,0.11910587617767542,0.010897356120365975,0.02163053780518265,0.03382526848056542,0.026300913196063824,0.009359390894402754
2021-06-25,0.008476169896220203,0.009399720149880319,0.004890279295064733,0.35,0.1188383139637226,0.010881941658035386,0.02179833839199127,0.03416483394367768,0.02594176673304435,0.009376047867189902
2021-07-02,0.008476169896220203,0.009399720149880319,0.004890279295064733,0.35,0.1188383139637226,0.010881941658035386,0.02179833839199127,0.03416483394367768,0.02594176673304435,0.009376047867189902
2021-07-09,0.008476169896220203,0.009399720149880319,0.004890279295064733,0.35,0.1188383139637226,0.010881941658035386,0.02179833839199127,0.03416483394367768,0.02594176673304435,0.009376047867189902
2021-07-16,0.008364191869111024,0.009230641092820483,0.004813017631829549,0.35,0.11741275184840756,0.010676506639911678,0.02157137644731615,0.033823062198837545,0.026487462783760882,0.009252569516876048
2021-07-23,0.008364191869111024,0.009230641092820483,0.004813017631829549,0.35,0.11741275184840756,0.010676506639911678,0.02157137644731615,0.033823062198837545,0.026487462783760882,0.009252569516876048
2021-07-30,0.008350294879389375,0.009157821670822354,0.004787478725637438,0.35,0.11635974533047054,0.010563994331997404,0.02157855468283579,0.033827354649401044,0.026924003144174806,0.0090002070874862
2021-08-06,0.008376760261666717,0.00918910733703788,0.004759560896563212,0.35,0.11609589706978746,0.010555445031188517,0.02157346496527669,0.033896750717632256,0.027019394863556184,0.008990739989633513
2021-08-13,0.008198892184917058,0.008961629538713963,0.004686929962991341,0.35,0.11442657085201643,0.01029192658717969,0.020902516729531813,0.033015452647116125,0.0264946063575604,0.008776026446681663
2021-08-20,0.008198892184917058,0.008961629538713963,0.004686929962991341,0.35,0.11442657085201643,0.01029192658717969,0.020902516729531813,0.033015452647116125,0.0264946063575604,0.008776026446681663
2021-08-27,0.008198892184917058,0.008961629538713963,0.004686929962991341,0.35,0.11442657085201643,0.01029192658717969,0.020902516729531813,0.033015452647116125,0.0264946063575604,0.008776026446681663
2021-09-03,0.010274409977435166,0.008781059288274697,0.003980585830531808,0.35,0.16673235413974474,0.04967575832898663,0.1096390739485783,0.03516678510759795,0.014713225732475934,0.006097343956246581
2021-09-10,0.011771952284929171,0.00835761207172763,0.0032443724450960873,0.34987371078303164,0.23364689891664422,0.09112507284187366,0.1826103361675852,0.03807043495300956,0.004016539617123775,0.003816293552248846
2021-09-17,0.010641637421537726,0.009560781726739026,0.004299584730251492,0.34993918268725704,0.17680753933338295,0.050144711313086454,0.10168874919947322,0.040217159060058134,0.016799665707023695,0.0066909665673562674
2021-09-24,0.022548325234288784,0.018949720638901907,0.017162222573232404,0.34549804596917794,0.1426545246424136,0.045110997797164085,0.14347483042119824,0.04793726906081733,0.06065545231166336,0.03554285924736671
2021-10-01,0.02471648084344447,0.01838707767666124,0.01484499777594383,0.34704073751075304,0.11563607584654903,0.031638799061948476,0.10527257289048092,0.13771763827265326,0.044939015711566985,0.026323285031356544
2021-10-08,0.02471648084344447,0.01838707767666124,0.01484499777594383,0.34704073751075304,0.11563607584654903,0.031638799061948476,0.10527257289048092,0.13771763827265326,0.044939015711566985,0.026323285031356544
2021-10-15,0.02471648084344447,0.01838707767666124,0.01484499777594383,0.34704073751075304,0.11563607584654903,0.031638799061948476,0.10527257289048092,0.13771763827265326,0.044939015711566985,0.026323285031356544
2021-10-22,0.02471648084344447,0.01838707767666124,0.01484499777594383,0.34704073751075304,0.11563607584654903,0.031638799061948476,0.10527257289048092,0.13771763827265326,0.044939015711566985,0.026323285031356544
2021-10-29,0.02943675708665132,0.023314822659083252,0.022672418078005338,0.34014646881041144,0.11988603168755872,0.03928597404526395,0.15121250924255888,0.07541427011756015,0.07566469115269761,0.0510874640306977
2021-11-05,0.03142099184905351,0.025312893505911035,0.025704126480943813,0.3348043662483944,0.12115677322329063,0.041919271446853125,0.16556479260323514,0.0538148197588065,0.08556227131498335,0.06473969356852834
2021-11-12,0.031678397576356127,0.02552026072698168,0.025914698744330323,0.3328178438690361,0.1203844513912182,0.04165205428959764,0.16365358204140695,0.05425567926083048,0.08457457632222551,0.06954845577801684
2021-11-19,0.029110036128716217,0.022999107102420785,0.019477374293450977,0.3386920567963913,0.10511711944405035,0.029608937422505515,0.1175513709782323,0.11889491308230721,0.0614093334502828,0.04816664479930624
2021-11-26,0.03164574591584799,0.02542987961076584,0.02554404528625938,0.3258542895294837,0.12237288646486931,0.041853757368390976,0.16194292014459513,0.05909835613290445,0.08373798970618823,0.06827837490573793
2021-12-03,0.03195639315837132,0.02571008656028119,0.02610745850240939,0.3196535130022593,0.12553971401222963,0.043442255969290085,0.16669672456293624,0.05465924604398752,0.08614724272057767,0.0700873654676576
2021-12-10,0.03195639315837132,0.02571008656028119,0.02610745850240939,0.3196535130022593,0.12553971401222963,0.043442255969290085,0.16669672456293624,0.05465924604398752,0.08614724272057767,0.0700873654676576
2021-12-17,0.03195639315837132,0.02571008656028119,0.02610745850240939,0.3196535130022593,0.12553971401222963,0.043442255969290085,0.16669672456293624,0.05465924604398752,0.08614724272057767,0.0700873654676576
2021-12-24,0.03222966053847029,0.02575185199271495,0.026149869456240458,0.31420011928034186,0.1277656666160456,0.044212533355624264,0.16787306036848754,0.0547480387068274,0.08675516160097219,0.07031403808427532
2021-12-31,0.051069798937920484,0.03301764572313691,0.03727715396752764,0.2533892812775661,0.13115742429625743,0.049381117501558436,0.14034474756134713,0.08386118996353163,0.11184845187696264,0.0586531888941915
2022-01-07,0.032277261519627225,0.025789885698344533,0.02618849100615586,0.31171601925280723,0.12877770940095792,0.04456274461793248,0.16840898265375281,0.05482889777624737,0.0870321210151968,0.07041788705897754
2022-01-14,0.032478401619295064,0.025950598842383512,0.02635168811282255,0.30468132651775703,0.1304207554636109,0.04525213855389178,0.17064838930736642,0.055170571432690836,0.08818942454977283,0.07085670560040894
2022-01-21,0.03276608511699488,0.026180461109926455,0.026585103103358525,0.29556062685146456,0.13206594392662505,0.04610768269032328,0.17378177982963575,0.05565925505529942,0.08980873023540062,0.07148433208097137
2022-01-28,0.03309108981628695,0.026440143426565078,0.026848799038008797,0.28657525969873954,0.1328572718720342,0.046968655485185765,0.17722560098430645,0.056211335640681474,0.0915884634465692,0.0721933805916225
2022-02-04,0.03309108981628695,0.026440143426565078,0.026848799038008797,0.28657525969873954,0.1328572718720342,0.046968655485185765,0.17722560098430645,0.056211335640681474,0.0915884634465692,0.0721933805916225
2022-02-11,0.0338090030202839,0.027013763944562057,0.027431285364323744,0.2668955342363646,0.13543524215582303,0.04899960917863018,0.18367643599039005,0.057430843982497634,0.09554866175749416,0.07375962036963038
2022-02-18,0.03449029352672477,0.0275581225258436,0.027984057485021058,0.253613168030922,0.13523232277172495,0.050452285777274605,0.1871578351942874,0.05858814189982133,0.09967781077518327,0.07524596201319693
2022-02-25,0.03522002567539897,0.02814118651016801,0.028576133234719844,0.24110481148613633,0.13455069265458935,0.05179983721453729,0.1892769144340654,0.05982772690486794,0.10466468522061875,0.07683798666489794
2022-03-04,0.03210609654920096,0.03201548459956733,0.029135002553404756,0.258681049255161,0.18253815594901568,0.08105363559552696,0.16120356008927933,0.06057706005234314,0.06783249993045999,0.044857455426040846
2022-03-11,0.029354678396317488,0.02697861343004535,0.02701615487582682,0.27451300168329773,0.22179993588751504,0.10475941649227156,0.13997953533848428,0.06131108176560143,0.04327343115592356,0.021014150974716744
2022-03-18,0.018692295957390415,0.0176661688798931,0.018741249343979045,0.3083624294612682,0.1701378231770239,0.06409673213102549,0.10381849102289498,0.06257792003409009,0.036420434407195834,0.019718987678157204
2022-03-25,0.018692295957390415,0.0176661688798931,0.018741249343979045,0.3083624294612682,0.1701378231770239,0.06409673213102549,0.10381849102289498,0.06257792003409009,0.036420434407195834,0.019718987678157204
2022-04-01,0.018692295957390415,0.0176661688798931,0.018741249343979045,0.3083624294612682,0.1701378231770239,0.06409673213102549,0.10381849102289498,0.06257792003409009,0.036420434407195834,0.019718987678157204
2022-04-08,0.018692295957390415,0.0176661688798931,0.018741249343979045,0.3083624294612682,0.1701378231770239,0.06409673213102549,0.10381849102289498,0.06257792003409009,0.036420434407195834,0.019718987678157204
2022-04-15,0.018692295957390415,0.0176661688798931,0.018741249343979045,0.3083624294612682,0.1701378231770239,0.06409673213102549,0.10381849102289498,0.06257792003409009,0.036420434407195834,0.019718987678157204
2022-04-22,0.013909028585590417,0.014427909254119776,0.009889362489570086,0.3404870747756421,0.13414796017946395,0.02410797619658072,0.04552172282658748,0.05543374743497809,0.03392151627643201,0.012635524702701427
2022-04-29,0.012570999652520617,0.013602190235842828,0.0073497204620388504,0.35,0.12369697821244649,0.01231431708935962,0.028284243905420843,0.05395855465197789,0.03338319832975273,0.010576473685291037
2022-05-06,0.0125261323403712,0.013692113795802678,0.007436070931408376,0.35,0.12354504379563101,0.012340838506398577,0.028251605220287433,0.054312933099248006,0.03366379214173262,0.010729880101313712
2022-05-13,0.012592927036790285,0.013845202156539772,0.00754365623469263,0.35,0.12359812661604715,0.012324138301278374,0.02828796855646788,0.05459555820393651,0.03403721404192058,0.010840831685194384
2022-05-20,0.012588376113380354,0.013781199491477379,0.007544964056020385,0.35,0.12313623893297179,0.012278429182066175,0.028329697553678396,0.05482954255770387,0.03405251120965587,0.010632243219206751
2022-05-27,0.032743980167022166,0.02497222085703498,0.01852210444480237,0.35,0.13256074091634412,0.031128570966426992,0.09194984424254388,0.11029295181173318,0.04362081595198036,0.009882513480140572
2022-06-03,0.027799343916593815,0.024063127623103746,0.016400510494158776,0.35,0.1393411411132347,0.03162001975770716,0.07863107027374093,0.07812600858188574,0.043816438686842756,0.010108540652835991
2022-06-10,0.02751738971137238,0.028785171910752808,0.016984285943125444,0.35,0.1408452959399654,0.03140838206816515,0.07508354331918672,0.07361084335810898,0.06045270455074755,0.014414893499826852
2022-06-17,0.02751738971137238,0.028785171910752808,0.016984285943125444,0.35,0.1408452959399654,0.03140838206816515,0.07508354331918672,0.07361084335810898,0.06045270455074755,0.014414893499826852
2022-06-24,0.02853826051722621,0.031122322880214458,0.02794514728154314,0.35,0.14637295430888903,0.039240849582550766,0.08261955248607941,0.06069665760678614,0.06596196343302832,0.02175392973540019
2022-07-01,0.027730516993040157,0.03043998279968799,0.02709772734147763,0.35,0.14238940308742418,0.03585069148444123,0.08652444525179676,0.06644976243121054,0.07292301714356351,0.02438770394391354
2022-07-08,0.027946595194011388,0.03198174606420083,0.029800305744631297,0.35,0.15515288273897185,0.06281366865268893,0.08821966511472334,0.06765565384081657,0.10336726083386998,0.03259253266465995
2022-07-15,0.02957136640838154,0.032513023999694794,0.030861922168559354,0.3496884363899227,0.15646233476477986,0.06452736456804713,0.09904127087864659,0.06975410275021884,0.09501548855214498,0.022564689519603942
2022-07-22,0.018283960460932933,0.020265419221899193,0.014410200345804425,0.3499148205246684,0.13496891414990334,0.02762916809740057,0.051430069071695644,0.06487117282109062,0.05418021345972044,0.01449883011637557
2022-07-29,0.014261058669519776,0.01592761594612204,0.008406452925905875,0.35,0.1272097635399598,0.013912984072884362,0.033857485709905176,0.06372954149701755,0.03944554968947094,0.011715171598653817
2022-08-05,0.023161718916525912,0.022380151660077674,0.017108925995974345,0.32020982048682484,0.16042729592199972,0.053919423406210594,0.08908634670663693,0.05772239879585793,0.038639652783016336,0.022603450734736255
2022-08-12,0.031756674439076725,0.028516909679593208,0.02560578234018498,0.2939647047505705,0.19719402314966997,0.09406161113656812,0.14435352527386083,0.05068580112065949,0.03713916550029723,0.032416586629035765
2022-08-19,0.03264705834173996,0.029143303901589656,0.02649525264210797,0.2930001134397316,0.20104274439004377,0.0979549692666216,0.14963705259283092,0.049834325304240173,0.0369100255176459,0.03333515460344854
2022-08-26,0.032647058341739935,0.02914330390158962,0.026495252642107912,0.29300011343973237,0.20104274439004316,0.09795496926662152,0.14963705259283094,0.049834325304240125,0.03691002551764584,0.0333351546034485
2022-09-02,0.024076357737544136,0.023156336626096653,0.01812802778507252,0.3202933631352225,0.1659297209769116,0.05783104003077928,0.0944676699813552,0.05705211303255181,0.03901235009935002,0.02327974460612814
2022-09-09,0.014470960771894206,0.01599350034019747,0.009207625225604163,0.35,0.20349456089883286,0.04487120796803809,0.0566572955510118,0.05885986451837828,0.058553432339467776,0.012023977123877051
2022-09-16,0.014939759505205803,0.016854439413544718,0.009204922820695304,0.35,0.12756072097247323,0.014156477351813534,0.03441288767501635,0.06551709367281888,0.041737649360495906,0.012308263378934686
2022-09-23,0.014939759505205803,0.016854439413544718,0.009204922820695304,0.35,0.12756072097247323,0.014156477351813534,0.03441288767501635,0.06551709367281888,0.041737649360495906,0.012308263378934686
2022-09-30,0.014346746159021267,0.015795473840234418,0.009131633116270948,0.35,0.20392339535939066,0.04574206581381908,0.05676904322238887,0.05797882439568514,0.05978887102286276,0.011979262730351346
2022-10-07,0.01499499073766163,0.016496229294625738,0.009555905126177407,0.35,0.20333656197623545,0.04677572966294863,0.05771022270821489,0.06014315448558555,0.06251048194833518,0.01244394061895509
2022-10-14,0.015057400096893821,0.01653135096296169,0.009624673683603396,0.35,0.20362677014845068,0.04726481701384976,0.057787618149428926,0.05994312743796623,0.06277790419916,0.012506699943656191
2022-10-21,0.014891413070601798,0.01639102487101382,0.03273215966458681,0.3251146960705098,0.17518839678991285,0.037611398401050156,0.09459119248529078,0.09069408577030075,0.09205608155481963,0.02928309491974924
2022-10-28,0.014091507608076329,0.015625029345612666,0.0407788743176265,0.32728486516601024,0.16487333657961378,0.03181577870563523,0.11129733116431705,0.10083402910493915,0.10244963606990067,0.040949611938268404
2022-11-04,0.015018781172187036,0.016917886775303547,0.03842136767135942,0.328779040864291,0.16327581769216762,0.031391261854049404,0.11099982450031298,0.09831401955533882,0.10625074537061127,0.04063125454437885
2022-11-11,0.014725524788018623,0.015513987467529296,0.03169601199502957,0.342235317437299,0.17843221508900617,0.03481473782575458,0.11855600992678637,0.0969020928720057,0.0814090656644078,0.03571503693416273
2022-11-18,0.014001550750725235,0.014197651900731585,0.031760846509776085,0.33689317783077133,0.1798630813386635,0.03526632027570205,0.11451081956499021,0.09847572810479871,0.08272130583633795,0.04230951788750331
2022-11-25,0.014672743092333329,0.014786053421466777,0.03200071505417719,0.3351748902204675,0.17759423070304808,0.033830876907941884,0.11465756247510439,0.102812138072295,0.08275159520878271,0.04171919484438313
2022-12-02,0.031344141960521016,0.025247782615672024,0.026556959977417038,0.3113316455662165,0.18785266133181278,0.07228426644041397,0.1388126142514746,0.06770367484810605,0.048886650343613856,0.039979602664751986
2022-12-09,0.03639730363626798,0.028418597830520868,0.024905797143396236,0.3041126984097024,0.19096877776711682,0.083944893371533,0.1461403667471163,0.05705802567602128,0.03861874121966193,0.03943479819866309
2022-12-16,0.029812132632863766,0.021408141397477078,0.017889553285055208,0.3278965144974332,0.14477044652939403,0.05191282986649681,0.1228538690017846,0.0850289297470877,0.06037449138984792,0.03507403231052603
2022-12-23,0.035645370442278966,0.027789210376080224,0.024334468960297246,0.3039722986800439,0.19009481545625065,0.0864946802408733,0.14804849313058818,0.05674575509635192,0.03847202437485962,0.03720410893411558
2022-12-30,0.03519190796925936,0.02747743869879787,0.024080973957039935,0.30603317584352446,0.19348811556749942,0.08850270772473448,0.14616302773902615,0.05516839402623595,0.03733964389775349,0.03655461457612887
2023-01-06,0.03519190796925936,0.02747743869879787,0.024080973957039935,0.30603317584352446,0.19348811556749942,0.08850270772473448,0.14616302773902615,0.05516839402623595,0.03733964389775349,0.03655461457612887
2023-01-13,0.03519190796925936,0.02747743869879787,0.024080973957039935,0.30603317584352446,0.19348811556749942,0.08850270772473448,0.14616302773902615,0.05516839402623595,0.03733964389775349,0.03655461457612887
2023-01-20,0.03375920919829738,0.02487641320212774,0.021798820433421025,0.31041592934391055,0.19926820962184089,0.08948581448416186,0.14927634403603934,0.05291192705056159,0.03477573164443122,0.03343160098520823
2023-01-27,0.03467179808265546,0.026349165261683294,0.022431112419342446,0.3119113445359758,0.19449037417444429,0.08829606267587262,0.15279615823636905,0.055398976889418874,0.03245471390095611,0.031200293823281953
2023-02-03,0.03381637517420816,0.02569907842368393,0.021877691815665724,0.3116704652362123,0.1932087257856552,0.08845681783647515,0.15683091833466073,0.05603436205083021,0.03181768161581074,0.030587883726797684
2023-02-10,0.029412917811138334,0.020837731223101893,0.0171621535928274,0.3312358449539034,0.14567572807604606,0.05469092418852742,0.12838571643890742,0.08370848855029143,0.059638738233760674,0.031802884851895086
2023-02-17,0.008829593658005562,0.010103647757991522,0.015614846093984459,0.35,0.1092596638267237,0.019142756325185473,0.08767153234272308,0.08847317777052009,0.053454568468123076,0.027816088856119317
2023-02-24,0.008829593658005562,0.010103647757991522,0.015614846093984459,0.35,0.1092596638267237,0.019142756325185473,0.08767153234272308,0.08847317777052009,0.053454568468123076,0.027816088856119317
2023-03-03,0.008829593658005562,0.010103647757991522,0.015614846093984459,0.35,0.1092596638267237,0.019142756325185473,0.08767153234272308,0.08847317777052009,0.053454568468123076,0.027816088856119317
2023-03-10,0.007374969179104469,0.008123372133273531,0.0107998566099161,0.34066752837027525,0.1482754616266334,0.05154632461749711,0.12107232924274988,0.053221321439545,0.04770294573995061,0.06441008558731146
2023-03-17,0.02292071244714021,0.022209792123157518,0.018364535760391557,0.3327991111051683,0.1915524309642434,0.07454526118542444,0.1544885117502024,0.050060771927269286,0.031541440921675656,0.028489488004354087
2023-03-24,0.029686504375855495,0.04662796392714348,0.04307762477450146,0.2827886341051606,0.16818195955505694,0.059613437086785855,0.1479515262580578,0.07362310469824541,0.03781807476522017,0.04790371064304491
2023-03-31,0.0288476955022384,0.0312812414298793,0.028131397819373585,0.31835947860490255,0.13127355585643558,0.04052859945558368,0.1293147114572983,0.0973880360324498,0.06715421584205025,0.042337442010413506
2023-04-07,0.02842263063824024,0.017849965529520746,0.015130793997863231,0.35,0.09814575956057339,0.02350366029437561,0.11269243710060205,0.11809971610299534,0.0953892296077563,0.03819621044151927
2023-04-14,0.028566370782902934,0.017952708309793848,0.0151815657236527,0.35,0.09812103160759589,0.023628149769780497,0.11338953815026254,0.11816377434251193,0.09530015431623912,0.03845118399905956
2023-04-21,0.028694812738724925,0.018017180611974624,0.015253661388212693,0.35,0.09812352351338614,0.023689306402472996,0.11415943609787876,0.11860461755127721,0.09514723571888918,0.038907771120993064
2023-04-28,0.02886808312183428,0.018211976688952584,0.015313642743938776,0.35,0.09803493077207798,0.023752794927827746,0.11455140254453346,0.11892328828371422,0.0957352718545727,0.03883963129398019
2023-05-05,0.02886808312183428,0.018211976688952584,0.015313642743938776,0.35,0.09803493077207798,0.023752794927827746,0.11455140254453346,0.11892328828371422,0.0957352718545727,0.03883963129398019
2023-05-12,0.02949624473792856,0.018884848163894002,0.015799174497897587,0.35,0.09684224925214552,0.023541990041344833,0.11590336186852414,0.12287691410618949,0.09834221417018235,0.03986458516022335
2023-05-19,0.03352368223561211,0.024257259654805668,0.018949451695658218,0.3249163298813612,0.13785029025887166,0.053011163659406266,0.14189373589062226,0.09369490544784623,0.07013480467956994,0.03135538826105934
2023-05-26,0.03755111973329564,0.029629671145717303,0.022099728893418828,0.29983265976272205,0.1788583312655978,0.08248033727746763,0.16788410991272043,0.06451289678950312,0.04192739518895765,0.02284619136189535
2023-06-02,0.03755111973329564,0.029629671145717303,0.022099728893418828,0.29983265976272205,0.1788583312655978,0.08248033727746763,0.16788410991272043,0.06451289678950312,0.04192739518895765,0.02284619136189535
2023-06-09,0.04808668459148187,0.036845436635549,0.030926613849385935,0.2543091296149587,0.15625534399217084,0.0718485292414611,0.14694519616702928,0.08153304744190773,0.08487948385172336,0.03659849753985201
2023-06-16,0.03884208661187483,0.030832268632099355,0.0231540442926491,0.293318893810853,0.18213655715634236,0.08526204086111468,0.16945941445175314,0.062251177562686735,0.04175446578908986,0.02285442828594325
2023-06-23,0.03884208661187483,0.030832268632099355,0.0231540442926491,0.293318893810853,0.18213655715634236,0.08526204086111468,0.16945941445175314,0.062251177562686735,0.04175446578908986,0.02285442828594325
2023-06-30,0.03105449997137715,0.04947381964418485,0.05509422744310989,0.2754541968897155,0.16541588391491543,0.05400663476335283,0.14314190617073333,0.08441841945341078,0.0500018293463423,0.041912217493576695
2023-07-07,0.04329801018530662,0.03279327016651817,0.02266849732236214,0.287094316294372,0.17880528640582133,0.0834308499151611,0.16306874702068053,0.06651626627938628,0.04067535769738716,0.03164939871300463
2023-07-14,0.043292257149645984,0.032788912902711166,0.022665485343915333,0.2871248483133209,0.17882430206054728,0.08343972265190937,0.16308608911974407,0.06650742821846185,0.04066442621859674,0.03160652802114719
2023-07-21,0.04329225714964613,0.03278891290271128,0.02266548534391541,0.28712484831331975,0.17882430206054734,0.08343972265190942,0.16308608911974432,0.06650742821846216,0.0406644262185969,0.0316065280211473
2023-07-28,0.0331519176009056,0.05062760407652722,0.05398777107139203,0.26628594768559016,0.16348225883774992,0.05355840423733114,0.13928869093359011,0.08780404757579896,0.04955437039050433,0.052258987590610505
2023-08-04,0.07316927502007606,0.03783485079546159,0.03451163058740184,0.228802697553621,0.14849872567413655,0.0510254565516922,0.13379688320842018,0.1477866901566285,0.047052233725989975,0.04752155672657203
2023-08-11,0.06580870024906395,0.039014465972959246,0.03655270889320948,0.19870125643467032,0.12704558491744974,0.04625301430961386,0.1143247787345521,0.1309463935192245,0.11180015277581037,0.07955294419344633
2023-08-18,0.05756179015385768,0.03980841620092527,0.03825605937817986,0.17080313594508129,0.10647133206833868,0.04208767916450918,0.09386866243382175,0.11228712839896586,0.1773107233266005,0.1115450729297198
2023-08-25,0.05756179015385768,0.03980841620092527,0.03825605937817986,0.17080313594508129,0.10647133206833868,0.04208767916450918,0.09386866243382175,0.11228712839896586,0.1773107233266005,0.1115450729297198
2023-09-01,0.06994329977742104,0.05206191575288321,0.040827729039325425,0.11925447966818198,0.07439812643889285,0.03279499274929349,0.08678321075538266,0.15632984063838984,0.18474310664043148,0.13286329853979803
2023-09-08,0.07396292859320826,0.053526675824586256,0.039291603662262586,0.0976913707204949,0.06098048881439196,0.028838192567550717,0.08338555706173774,0.18757730356828298,0.18660773539339742,0.138138143794087
2023-09-15,0.053910323477758745,0.04690938557876107,0.03811517930762721,0.1213116923182172,0.0747558161464512,0.034916985227904915,0.0788536681839455,0.12575500633111786,0.24313329380326168,0.13233864962495442
2023-09-22,0.053910323477758745,0.04690938557876107,0.03811517930762721,0.1213116923182172,0.0747558161464512,0.034916985227904915,0.0788536681839455,0.12575500633111786,0.24313329380326168,0.13233864962495442
2023-09-29,0.06562976387051117,0.06776235333907998,0.03872407671485973,0.13104451683152174,0.07984525151804703,0.036784627123836205,0.08807077511839183,0.09743683007109248,0.24715834690319513,0.09754345850946451
2023-10-06,0.06342141379312151,0.05822496866275499,0.03895396494438728,0.10938335901987369,0.06350516671565033,0.02983702690853783,0.08286235297640976,0.158915440526858,0.209061346628235,0.1358349598241715
2023-10-13,0.06790327130169642,0.050861568366585994,0.04287460597714733,0.09990606062452788,0.0524025653256454,0.02416724174919807,0.06848914489476059,0.17307596582082876,0.16128795411096677,0.20903162182864277
2023-10-20,0.06691672634973792,0.04950313793227103,0.041980381545973916,0.09404721818521788,0.04895084997105848,0.02228714073379398,0.06332549363384277,0.16492441696434543,0.15165523854801755,0.24640939613574103
2023-10-27,0.06543442953163435,0.04593542422654955,0.03982232361041743,0.0873050711015091,0.04520330309319248,0.021010353816207233,0.057548118930459045,0.13667501433266444,0.1556978459906774,0.2953681153666888
2023-11-03,0.0594383908525109,0.0421026460210753,0.03664124424511175,0.1297212445952564,0.06654026098956417,0.031248038910114476,0.08355730244643281,0.12684996207317695,0.12935155350902564,0.24454935635773142
2023-11-10,0.05280270020024706,0.03796611401544441,0.03313716050018697,0.1746167766607267,0.0887551225916934,0.04120361871845381,0.10649132897049399,0.11609232384987259,0.10407610417504225,0.19485875031783867
2023-11-17,0.04617869276421759,0.052601270219275006,0.0489592175689212,0.20742745655594846,0.11505725428511807,0.038471269845593285,0.11345885396141865,0.11955477399773669,0.07667387843630126,0.13161733236546966
2023-11-24,0.04617869276421759,0.052601270219275006,0.0489592175689212,0.20742745655594846,0.11505725428511807,0.038471269845593285,0.11345885396141865,0.11955477399773669,0.07667387843630126,0.13161733236546966
2023-12-01,0.039216752406531705,0.03590747441135185,0.03276791693153937,0.2809416217174523,0.10343924952878371,0.03070747593862462,0.11318397217121269,0.12235850940026444,0.09688270154189606,0.08764777329159587
2023-12-08,0.03333813742894527,0.02060328507416736,0.01792873472931291,0.35,0.09255741279496969,0.023554002268580312,0.11237676587259422,0.1252733434087501,0.11415961672141851,0.04813365644056276
2023-12-15,0.03375670737798977,0.020819555709730753,0.018063496318470238,0.35,0.09264702045404954,0.023524857443060047,0.11219821182990543,0.1257213222054451,0.1128842225759073,0.04821314622747014
2023-12-22,0.03433125778840601,0.021102496167828708,0.018335281490674885,0.35,0.0924897248752878,0.02357462299928694,0.11212378306737861,0.12613836765822337,0.11279004651984197,0.048877488569222284
2023-12-29,0.03450646167162553,0.021024989326094954,0.01822025372673389,0.35,0.09238084229619783,0.02358126164003866,0.11215032587332553,0.12625552745993882,0.11274429476302777,0.049054040172175274
2024-01-05,0.034726152638911115,0.021122771107061927,0.01825036164945694,0.35,0.0921707503113216,0.023513592030642065,0.11195833656197354,0.12637666323272065,0.11299522549908377,0.049208348274408356
2024-01-12,0.03465395291601955,0.021031606581828326,0.018227007810526354,0.35,0.09234502293649348,0.02365064436595552,0.11202748392911803,0.12591497085879041,0.11363653233308821,0.04907716829867118
2024-01-19,0.03194154335263286,0.019418630142840614,0.015105707436242967,0.35,0.09492314528047573,0.02218214808328407,0.11021532248957802,0.13538009242831428,0.09506518619659281,0.041544528651730354
2024-01-26,0.03483070602852031,0.021011835087589092,0.018300153433586385,0.35,0.09241239755041286,0.023675683045414172,0.11187331363425382,0.12608584245131127,0.11357733214583479,0.04934395963679603
2024-02-02,0.03483070602852031,0.021011835087589092,0.018300153433586385,0.35,0.09241239755041286,0.023675683045414172,0.11187331363425382,0.12608584245131127,0.11357733214583479,0.04934395963679603
2024-02-09,0.03483070602852031,0.021011835087589092,0.018300153433586385,0.35,0.09241239755041286,0.023675683045414172,0.11187331363425382,0.12608584245131127,0.11357733214583479,0.04934395963679603
2024-02-16,0.03736704298215734,0.026370246408903796,0.02092445186589632,0.3253584350653176,0.13136184610028598,0.0484595802783485,0.1397529209858604,0.09625934611598326,0.07942571971600221,0.04009563317831468
2024-02-23,0.03992029362745398,0.031965666483372186,0.02355691854507363,0.3006761900455032,0.17019959642250768,0.07318197846657545,0.16754011126824336,0.06651576725075595,0.045261816784656746,0.030813836186475756
2024-03-01,0.04089816971777919,0.03278596436161407,0.023782583876293867,0.297877369806678,0.1731681486752917,0.075150078657424,0.16956189677366076,0.06403805714928627,0.042292991182397106,0.030444739799574804
2024-03-08,0.04337662622097782,0.03375653404575317,0.02374364473980798,0.2954653677744729,0.17176595445426385,0.07454156602499536,0.16818890345138207,0.06484745664856001,0.04222301048972108,0.03209093615006561
2024-03-15,0.04418390474370358,0.03401109277115613,0.023582029029643604,0.29486107348967133,0.1714146537743157,0.07438911146604525,0.16784491865922732,0.06600241746052037,0.04182347402252036,0.0318873245831962
2024-03-22,0.0373240514504237,0.0305930561532955,0.025814029376323808,0.2746728818338488,0.1622731097106054,0.06694448050506624,0.14067747685267837,0.16377041711384016,0.028581774128240138,0.019348722875677682
2024-03-29,0.032314636490856155,0.03752418612668462,0.021603815396648757,0.2793383859423159,0.11524007950270507,0.04220460895413802,0.12167000755074955,0.18609633835807082,0.0616604944275741,0.05234744725025688
2024-04-05,0.02926020796295464,0.030549832008240154,0.02332488006035555,0.24698746402171623,0.13195194328285548,0.053920894192632136,0.13420055630568273,0.24341657592078633,0.0334161577005499,0.022971488544226752
2024-04-12,0.03781003374898077,0.03243855901671771,0.023369531913629955,0.27397941154216054,0.15426567402185656,0.06550737769118734,0.15330098306882792,0.14341657592078633,0.03801071337275322,0.02790113970309962
2024-04-19,0.030066592366393148,0.02496288369263882,0.021878043952463015,0.25371384473334985,0.14818606132811282,0.07298626932170817,0.16611390157289088,0.08647236009117425,0.042494203529339344,0.10312583941192971
2024-04-26,0.030066592366393148,0.02496288369263882,0.021878043952463015,0.25371384473334985,0.14818606132811282,0.07298626932170817,0.16611390157289088,0.08647236009117425,0.042494203529339344,0.10312583941192971
2024-05-03,0.030066592366393148,0.02496288369263882,0.021878043952463015,0.25371384473334985,0.14818606132811282,0.07298626932170817,0.16611390157289088,0.08647236009117425,0.042494203529339344,0.10312583941192971
2024-05-10,0.030066592366393148,0.02496288369263882,0.021878043952463015,0.25371384473334985,0.14818606132811282,0.07298626932170817,0.16611390157289088,0.08647236009117425,0.042494203529339344,0.10312583941192971
2024-05-17,0.044276836024656624,0.03386656750542184,0.023402764934315617,0.2944076252217244,0.17115104597781824,0.07425837564274633,0.16775542593748363,0.06776626878716763,0.04148546920941337,0.03162962075925216
2024-05-24,0.04427683602465671,0.03386656750542191,0.023402764934315666,0.29440762522172426,0.17115104597781822,0.07425837564274615,0.16775542593748316,0.06776626878716777,0.0414854692094139,0.03162962075925215
2024-05-31,0.044276836024656596,0.03386656750542183,0.023402764934315607,0.2944076252217246,0.17115104597781838,0.07425837564274633,0.16775542593748363,0.06776626878716761,0.04148546920941328,0.031629620759252096
2024-06-07,0.0348909524183207,0.05215883554908983,0.05459644821604476,0.2806831937219753,0.15500254654201853,0.04696895022451969,0.1343036658975953,0.0927269128083128,0.04765079437144506,0.05101770025067795
2024-06-14,0.0348909524183207,0.05215883554908983,0.05459644821604476,0.2806831937219753,0.15500254654201853,0.04696895022451969,0.1343036658975953,0.0927269128083128,0.04765079437144506,0.05101770025067795
2024-06-21,0.0348909524183207,0.05215883554908983,0.05459644821604476,0.2806831937219753,0.15500254654201853,0.04696895022451969,0.1343036658975953,0.0927269128083128,0.04765079437144506,0.05101770025067795
2024-06-28,0.03488933852151194,0.05890187065076204,0.06255421185008317,0.27307527659739983,0.14675150653401403,0.03813099238150031,0.1234859774580699,0.11204349206724325,0.04610027099148088,0.054067062947934647
2024-07-05,0.03538690784238362,0.05931623726747069,0.06320390593250252,0.27310744607376025,0.14689365655009748,0.038169995288787444,0.12346331242929644,0.1109166804273191,0.04541769696938954,0.05412416121899284
2024-07-12,0.041980440936948256,0.04044057973894109,0.03368396662677484,0.2889054855238775,0.16488501673885025,0.06493623291346787,0.15631414207118133,0.07891263479725885,0.04250121965493058,0.037440280997769304
2024-07-19,0.044276836024656804,0.03386656750542203,0.023402764934315732,0.29440762522172403,0.17115104597781805,0.07425837564274614,0.16775542593748327,0.06776626878716782,0.041485469209413844,0.03162962075925228
2024-07-26,0.044276836024656804,0.033866567505422,0.02340276493431574,0.29440762522172426,0.1711510459778179,0.07425837564274618,0.16775542593748308,0.06776626878716774,0.04148546920941386,0.031629620759252304
2024-08-02,0.04427683602465687,0.033866567505422045,0.02340276493431577,0.29440762522172453,0.17115104597781794,0.07425837564274618,0.16775542593748302,0.0677662687871677,0.041485469209413574,0.03162962075925235
2024-08-09,0.044276836024656846,0.03386656750542204,0.02340276493431576,0.2944076252217245,0.17115104597781813,0.07425837564274623,0.16775542593748302,0.06776626878716761,0.0414854692094135,0.03162962075925235
2024-08-16,0.037275818903015845,0.05076765117743947,0.04841427361107348,0.27967886408305803,0.15286657953429442,0.04744007373545237,0.13458797254860805,0.10382371255392267,0.04238333830771733,0.05276171554541832
2024-08-23,0.04286664321643044,0.03382649143170237,0.02399721309164457,0.2947790698719397,0.17316516186455064,0.07644776387618095,0.164590669975327,0.06779054601070077,0.04072482566733846,0.03181161499418508
2024-08-30,0.043140303439275746,0.03299725386468482,0.022802044392291183,0.2955181962421389,0.1741587388851372,0.07786763516941697,0.16605924498385677,0.0660267910019117,0.04064364462616892,0.030786147395117744
2024-09-06,0.043143918690953846,0.033000019106648744,0.02280395525342756,0.29548457321237864,0.1741389237111989,0.07792015649814323,0.1660403513420875,0.06603232419124831,0.04064705065238412,0.030788727341528908
2024-09-13,0.04313129322812034,0.0329903621137891,0.022797281995683608,0.29555212674922715,0.17417873526573027,0.07793797056574756,0.16607831140501314,0.0660130007574903,0.04062213649786684,0.030698781421331648
2024-09-20,0.042729331714533185,0.0326829088728461,0.02258482302933193,0.29627143108371873,0.1746026453239354,0.0787814662856654,0.16648250693753286,0.06539779347491316,0.0402170233391907,0.030250069938332323
2024-09-27,0.04271440578210743,0.03267149229154848,0.022576933845746373,0.29630522729091635,0.17462256255711928,0.07879045302714155,0.16650149789214047,0.06537494914276394,0.04020297498999739,0.030239503180518563
2024-10-04,0.042652880470769046,0.0326244326708345,0.022544414304423218,0.2964445366560255,0.17470466221680456,0.07882749674752487,0.16657977939318958,0.06528078385997267,0.04014506711307152,0.030195946567384502
2024-10-11,0.042666500985421414,0.03263485076120297,0.022551613502272763,0.29622551041602385,0.17507827941366755,0.07974651611087015,0.16543162261990693,0.0653016302333773,0.04015788679766956,0.030205589159587473
2024-10-18,0.04268488668832723,0.03264891365965055,0.022561331366553236,0.2963016147239461,0.17580832593819193,0.0802213981557889,0.16404996293262117,0.06532976978888351,0.04017519149711607,0.03021860524892118
2024-10-25,0.04268473287761738,0.032648796012563354,0.02256125006905754,0.29633669844978733,0.1761628656780938,0.08026070405412239,0.16362187539010237,0.06532953437960766,0.04017504672984132,0.03021849635920677
2024-11-01,0.04268149699000181,0.03264632093945037,0.022559539722880606,0.2957063069273582,0.17755830502219805,0.08001475851513029,0.16312048344733324,0.06532458181186322,0.04017200109906407,0.030216205524720062
2024-11-08,0.04268149699000181,0.03264632093945037,0.022559539722880606,0.2957063069273582,0.17755830502219805,0.08001475851513029,0.16312048344733324,0.06532458181186322,0.04017200109906407,0.030216205524720062
2024-11-15,0.04268149699000181,0.03264632093945037,0.022559539722880606,0.2957063069273582,0.17755830502219805,0.08001475851513029,0.16312048344733324,0.06532458181186322,0.04017200109906407,0.030216205524720062
2024-11-22,0.04268380564743592,0.032648086790623615,0.022560759976450996,0.2945639586760619,0.17962727780080653,0.07970565208984834,0.16249032982987074,0.06532811524185199,0.04017417401696823,0.030217839930081595
2024-11-29,0.04268380564743592,0.032648086790623615,0.022560759976450996,0.2945639586760619,0.17962727780080653,0.07970565208984834,0.16249032982987074,0.06532811524185199,0.04017417401696823,0.030217839930081595
2024-12-06,0.03905375260725276,0.031452520844394656,0.02711937370599713,0.2677074666670872,0.14445415547587315,0.0632752822348022,0.14577593300523708,0.15437063632428843,0.040588364596019,0.03620251453904829
2024-12-13,0.034981897910469975,0.029944113494247304,0.031223583575189624,0.2402838555638596,0.10936454125918907,0.047111452250769396,0.13003325035611174,0.24404158375395407,0.04082063018299047,0.042195091653218685
2024-12-20,0.023731716092311464,0.02890873786353669,0.016440508640788127,0.3150759852443559,0.08311073235352925,0.023114431416224258,0.10906490028166885,0.2682267670177389,0.039108442380908916,0.04321777870893748
2024-12-27,0.029208271526991316,0.028890133555230322,0.019993024751330003,0.316308494784913,0.12825515113211405,0.047318845150540925,0.1294544866829886,0.17575984506243147,0.038081286603409564,0.036730460750050625
2025-01-03,0.020130692243595406,0.018067394299243433,0.013460179698036735,0.30219009803402397,0.14313029746228123,0.05990744689535887,0.1617338048269547,0.11631140540599663,0.06129864548025876,0.05377003565425019
2025-01-10,0.010587772277366906,0.006708942621806539,0.006292118655857807,0.29223511861366536,0.15939787553437276,0.07193004512473922,0.19266026970997668,0.05433581751219957,0.08047104872653216,0.07538099122348292
2025-01-17,0.012613710649539308,0.006419767816224093,0.0059756236505804725,0.29937609252253133,0.1591738132929471,0.06993559743651863,0.1832478290645644,0.04803746936909976,0.08025434017971082,0.084965756018284
2025-01-24,0.013264582938830337,0.006331545976024403,0.005650490742469668,0.3014840957799679,0.15782258414436107,0.06993542875601853,0.178013373897566,0.04671020406627672,0.0827316215698942,0.08805607212859114
2025-01-31,0.026651598224558475,0.015460715867183393,0.014070107988894909,0.30913486459143696,0.16387703589461153,0.07239372406002387,0.188643929489146,0.08898033018565948,0.03669585088632039,0.03409184281216497
2025-02-07,0.03451483737625541,0.03546958157775328,0.029294657374419206,0.2766153238999996,0.14624206240336352,0.055579700753807415,0.15840793681128296,0.1368089455538805,0.033900381053085245,0.04316657319615286
2025-02-14,0.04226585879051509,0.05378151421965145,0.04363923228866216,0.24410251407941497,0.12803536752091282,0.03885530578710068,0.1284648887125462,0.1872371817970803,0.03128732882156405,0.05233080798255225
2025-02-21,0.04677073947019803,0.0637264999857092,0.05104582827417706,0.22553912063156623,0.1167603031907051,0.02913290500555446,0.11143163092965509,0.2193956804548977,0.029222679760382536,0.05697461229715461
2025-02-28,0.04682687304706214,0.06346468909233177,0.0508742482081646,0.2248679784833332,0.11593750327061315,0.0290251946183256,0.11145667663457903,0.22215436326888935,0.029075056974826513,0.056317416401874563
2025-03-07,0.046502254262904885,0.06288302123117798,0.04984213760416411,0.22080471558030373,0.11305765731859438,0.02831436521843486,0.11022943860339,0.2350046322952127,0.02807742331712563,0.05528435456869165
2025-03-14,0.04575308468052376,0.061831261645743214,0.04911488148600338,0.21877607253290315,0.11240424414195668,0.028241906941873115,0.10974860885258099,0.240918330020292,0.02764154841671639,0.0555700612814073
2025-03-21,0.038383526364035706,0.04678912301900177,0.03804296710934146,0.25262706865325557,0.13194711570794979,0.04462223741608296,0.13997441069202562,0.19419753471000528,0.023861190931658283,0.03955482539664351
2025-03-28,0.030076922717373663,0.0318864463261752,0.027101625056394588,0.2864679883161353,0.15148650592133428,0.06101073731593718,0.1702056009159072,0.14828857270411905,0.020004063675890273,0.023471537050733245
2025-04-04,0.032026112391494464,0.032236510315774826,0.033460095534874904,0.25651264036402754,0.11971842025407803,0.0495390905358522,0.1434006813153561,0.20210638248921492,0.04057986244182257,0.04042020435750432
2025-04-11,0.032026112391494464,0.032236510315774826,0.033460095534874904,0.25651264036402754,0.11971842025407803,0.0495390905358522,0.1434006813153561,0.20210638248921492,0.04057986244182257,0.04042020435750432
2025-04-18,0.032026112391494464,0.032236510315774826,0.033460095534874904,0.25651264036402754,0.11971842025407803,0.0495390905358522,0.1434006813153561,0.20210638248921492,0.04057986244182257,0.04042020435750432
2025-04-25,0.032026112391494464,0.032236510315774826,0.033460095534874904,0.25651264036402754,0.11971842025407803,0.0495390905358522,0.1434006813153561,0.20210638248921492,0.04057986244182257,0.04042020435750432
2025-05-02,0.032026112391494464,0.032236510315774826,0.033460095534874904,0.25651264036402754,0.11971842025407803,0.0495390905358522,0.1434006813153561,0.20210638248921492,0.04057986244182257,0.04042020435750432
2025-05-09,0.024357818264182637,0.027456175521548585,0.026524955962140988,0.28947273360929326,0.1459494453193526,0.06276847123005727,0.1709801823106108,0.14254167384143002,0.032360470001949915,0.027588073939433883
2025-05-16,0.01702193509029882,0.02286763210424938,0.019884792931569157,0.32106011181263827,0.17104902471988523,0.0754222124705591,0.1973781657386611,0.08561769167994805,0.02446180557116632,0.015236627881024397
2025-05-23,0.016952762689697084,0.02277470442003854,0.019803986674510343,0.3216033393243064,0.17133843636790105,0.07536094270325354,0.19771212578504146,0.08526976524055883,0.023929099372808627,0.015254837421884012
2025-05-30,0.01690092445256202,0.022705063822218815,0.019743429951323527,0.32263343180279014,0.17188723177204257,0.07371137540771704,0.19834539586894082,0.08500902695312458,0.0238559288606968,0.015208191108583563
2025-06-06,0.01690092445256202,0.022705063822218815,0.019743429951323527,0.32263343180279014,0.17188723177204257,0.07371137540771704,0.19834539586894082,0.08500902695312458,0.0238559288606968,0.015208191108583563
2025-06-13,0.017000329690411316,0.022838606947387277,0.019859553797434995,0.32195451576394085,0.17152553026494402,0.07353357650721679,0.1979280185694623,0.08550901987169725,0.0241164649364834,0.015734383651021727
2025-06-20,0.017000329690411316,0.022838606947387277,0.019859553797434995,0.32195451576394085,0.17152553026494402,0.07353357650721679,0.1979280185694623,0.08550901987169725,0.0241164649364834,0.015734383651021727
2025-06-27,0.017000329690411306,0.022838606947387232,0.019859553797434985,0.3219545157639409,0.17152553026494421,0.07353357650721686,0.19792801856946224,0.08550901987169714,0.024116464936483364,0.01573438365102171
2025-07-04,0.017000329690411386,0.02283860694738727,0.019859553797435085,0.3219545157639408,0.17152553026494402,0.07353357650721686,0.1979280185694617,0.08550901987169757,0.02411646493648347,0.01573438365102178
2025-07-11,0.025324833089430718,0.031244948733866778,0.030164906624174273,0.3321841287145088,0.15184478554562184,0.05525755327426163,0.13588478652173913,0.13312701918814834,0.028610922470484454,0.026356115837764
2025-07-18,0.03174409027187503,0.037888989657947444,0.03846709536025311,0.34012086855090956,0.1358947729579336,0.04057046011108383,0.08689452637765911,0.1718520561401719,0.03195475462347906,0.0346123859486873
2025-07-25,0.03174409027187503,0.037888989657947444,0.03846709536025311,0.34012086855090956,0.1358947729579336,0.04057046011108383,0.08689452637765911,0.1718520561401719,0.03195475462347906,0.0346123859486873
2025-08-01,0.03174409027187503,0.037888989657947444,0.03846709536025311,0.34012086855090956,0.1358947729579336,0.04057046011108383,0.08689452637765911,0.1718520561401719,0.03195475462347906,0.0346123859486873
2025-08-08,0.03174409027187503,0.037888989657947444,0.03846709536025311,0.34012086855090956,0.1358947729579336,0.04057046011108383,0.08689452637765911,0.1718520561401719,0.03195475462347906,0.0346123859486873
2025-08-15,0.03174409027187503,0.037888989657947444,0.03846709536025311,0.34012086855090956,0.1358947729579336,0.04057046011108383,0.08689452637765911,0.1718520561401719,0.03195475462347906,0.0346123859486873
2025-08-22,0.0301847111242224,0.035906058541223015,0.038145182484899585,0.3396433516671575,0.1358187921987144,0.040346352738685295,0.0889320618557699,0.17672502791214273,0.03039501026409522,0.03390345121308985
2025-08-29,0.030299866141113567,0.036057252413939346,0.03817671488277025,0.3394549711331987,0.1358235917095563,0.04042470182458833,0.08899878217146581,0.17636263252910747,0.030392110977565296,0.03400937621669479
